sourceAlias,source,count,uniqueTitleCount,fileJson,fileCsv,fileMd
"Figaro","figaro.js","706","168","sources/figaro.json","sources-csv/figaro.csv","sources-md/figaro.md"
"非常驻妹妹","others.js","419","255","sources/others.json","sources-csv/others.csv","sources-md/others.md"
"來-Ray-","ray.js","342","239","sources/ray.json","sources-csv/ray.csv","sources-md/ray.md"
"よしか🦍","yoshika.js","316","90","sources/yoshika.json","sources-csv/yoshika.csv","sources-md/yoshika.md"
"凛々咲","ririsya.js","278","104","sources/ririsya.json","sources-csv/ririsya.csv","sources-md/ririsya.md"
"紅葉丸","momijimaru.js","251","169","sources/momijimaru.json","sources-csv/momijimaru.csv","sources-md/momijimaru.md"
"稀羽すう","suu_usuwa.js","245","99","sources/suu_usuwa.json","sources-csv/suu_usuwa.csv","sources-md/suu_usuwa.md"
"むんもっしゅ","MunMosh.js","188","68","sources/MunMosh.json","sources-csv/MunMosh.csv","sources-md/MunMosh.md"
"CULUA","culua.js","139","96","sources/culua.json","sources-csv/culua.csv","sources-md/culua.md"
"なれたん","naraetan.js","97","59","sources/naraetan.json","sources-csv/naraetan.csv","sources-md/naraetan.md"
"天籠りのん","linon.js","90","36","sources/linon.json","sources-csv/linon.csv","sources-md/linon.md"
"茨むあん","ibaramuan.js","85","79","sources/ibaramuan.json","sources-csv/ibaramuan.csv","sources-md/ibaramuan.md"
"明日夢かなえ","asuyumekanae.js","79","53","sources/asuyumekanae.json","sources-csv/asuyumekanae.csv","sources-md/asuyumekanae.md"
"音門るき","otomoneruki.js","78","42","sources/otomoneruki.json","sources-csv/otomoneruki.csv","sources-md/otomoneruki.md"
"知悠","chiyutori .js","64","42","sources/chiyutori.json","sources-csv/chiyutori.csv","sources-md/chiyutori.md"
"天ノ譜ステラ","stella.js","62","41","sources/stella.json","sources-csv/stella.csv","sources-md/stella.md"
"はるこたつぶとん倶楽部","kotatsu.js","57","40","sources/kotatsu.json","sources-csv/kotatsu.csv","sources-md/kotatsu.md"
"朱名","shuna.js","56","45","sources/shuna.json","sources-csv/shuna.csv","sources-md/shuna.md"
"nayuta","nayuta.js","52","31","sources/nayuta.json","sources-csv/nayuta.csv","sources-md/nayuta.md"
"澄花","sumica.js","51","22","sources/sumica.json","sources-csv/sumica.csv","sources-md/sumica.md"
"AZKi","azki.js","51","26","sources/azki.json","sources-csv/azki.csv","sources-md/azki.md"
"透夏","toka10summer.js","48","45","sources/toka10summer.json","sources-csv/toka10summer.csv","sources-md/toka10summer.md"
"緋那ちび","hinachibi.js","46","43","sources/hinachibi.json","sources-csv/hinachibi.csv","sources-md/hinachibi.md"
"323","323.js","43","40","sources/323.json","sources-csv/323.csv","sources-md/323.md"
"戸鎖くくり","kukuri.js","36","30","sources/kukuri.json","sources-csv/kukuri.csv","sources-md/kukuri.md"
"联动","friends.js","36","32","sources/friends.json","sources-csv/friends.csv","sources-md/friends.md"
"羽澄さひろ","hasumisahiro.js","35","32","sources/hasumisahiro.json","sources-csv/hasumisahiro.csv","sources-md/hasumisahiro.md"
"陽月るるふ","bv1qa9jb6eaw.js","32","32","sources/bv1qa9jb6eaw.json","sources-csv/bv1qa9jb6eaw.csv","sources-md/bv1qa9jb6eaw.md"
"深影","mikage.js","30","19","sources/mikage.json","sources-csv/mikage.csv","sources-md/mikage.md"
"ななし律歌","nanashirikka.js","30","29","sources/nanashirikka.json","sources-csv/nanashirikka.csv","sources-md/nanashirikka.md"
"接力","relay.js","28","26","sources/relay.json","sources-csv/relay.csv","sources-md/relay.md"
"優莉 yuri","yuri.js","28","19","sources/yuri.json","sources-csv/yuri.csv","sources-md/yuri.md"
"あいまるん。","aimarun.js","27","24","sources/aimarun.json","sources-csv/aimarun.csv","sources-md/aimarun.md"
"ノア・ポラリス","noapolaris.js","27","26","sources/noapolaris.json","sources-csv/noapolaris.csv","sources-md/noapolaris.md"
"からくりんね-KarakuRinne","karakurinne.js","25","20","sources/karakurinne.json","sources-csv/karakurinne.csv","sources-md/karakurinne.md"
"ロマニードットアイオー","romany.js","21","11","sources/romany.json","sources-csv/romany.csv","sources-md/romany.md"
"すとらてぃあ-Stratia","stratia.js","16","15","sources/stratia.json","sources-csv/stratia.csv","sources-md/stratia.md"
"花丸晴琉","hanamaruhareru.js","14","14","sources/hanamaruhareru.json","sources-csv/hanamaruhareru.csv","sources-md/hanamaruhareru.md"
"魔王トゥルシー","tulsi.js","11","10","sources/tulsi.json","sources-csv/tulsi.csv","sources-md/tulsi.md"
"山田シャロ","yamadasharo.js","11","10","sources/yamadasharo.json","sources-csv/yamadasharo.csv","sources-md/yamadasharo.md"
"響架","kyoka.js","10","10","sources/kyoka.json","sources-csv/kyoka.csv","sources-md/kyoka.md"
"酢酸","sakusan.js","8","5","sources/sakusan.json","sources-csv/sakusan.csv","sources-md/sakusan.md"
"るみなす・すいーと","luminous.js","4","4","sources/luminous.json","sources-csv/luminous.csv","sources-md/luminous.md"
"香鳴ハノン","kanaruhanon.js","3","3","sources/kanaruhanon.json","sources-csv/kanaruhanon.csv","sources-md/kanaruhanon.md"
"がびのお部屋","gabinoheya.js","3","3","sources/gabinoheya.json","sources-csv/gabinoheya.csv","sources-md/gabinoheya.md"
"みなとん","minaton.js","3","3","sources/minaton.json","sources-csv/minaton.csv","sources-md/minaton.md"
"花鋏キョウ","hanabasamikyo.js","2","2","sources/hanabasamikyo.json","sources-csv/hanabasamikyo.csv","sources-md/hanabasamikyo.md"
"HoshiHo","hoshiho.js","2","1","sources/hoshiho.json","sources-csv/hoshiho.csv","sources-md/hoshiho.md"
